{
    "turn 1": {
        "count": 1,
        "exact": 1.0,
        "exec": 1.0
    },
    "turn 2": {
        "count": 1,
        "exact": 1.0,
        "exec": 1.0
    },
    "turn 3": {
        "count": 1,
        "exact": 1.0,
        "exec": 1.0
    },
    "turn 4": {
        "count": 1,
        "exact": 1.0,
        "exec": 1.0
    },
    "turn > 4": {
        "count": 518,
        "exact": 0.5366795366795367,
        "exec": 0.5598455598455598
    },
    "easy": {
        "count": 156,
        "partial": {
            "select": {
                "acc": 0.9652173913043478,
                "rec": 0.7115384615384616,
                "f1": 0.8191881918819188,
                "acc_count": 115,
                "rec_count": 156
            },
            "select(no AGG)": {
                "acc": 0.9739130434782609,
                "rec": 0.717948717948718,
                "f1": 0.8265682656826568,
                "acc_count": 115,
                "rec_count": 156
            },
            "where": {
                "acc": 0.9166666666666666,
                "rec": 0.4583333333333333,
                "f1": 0.611111111111111,
                "acc_count": 24,
                "rec_count": 48
            },
            "where(no OP)": {
                "acc": 0.9583333333333334,
                "rec": 0.4791666666666667,
                "f1": 0.638888888888889,
                "acc_count": 24,
                "rec_count": 48
            },
            "group(no Having)": {
                "acc": 0.9375,
                "rec": 0.8823529411764706,
                "f1": 0.9090909090909091,
                "acc_count": 16,
                "rec_count": 17
            },
            "group": {
                "acc": 0.9375,
                "rec": 0.8823529411764706,
                "f1": 0.9090909090909091,
                "acc_count": 16,
                "rec_count": 17
            },
            "order": {
                "acc": 0.6842105263157895,
                "rec": 0.65,
                "f1": 0.6666666666666667,
                "acc_count": 19,
                "rec_count": 20
            },
            "and/or": {
                "acc": 1.0,
                "rec": 1.0,
                "f1": 1.0,
                "acc_count": 156,
                "rec_count": 156
            },
            "IUEN": {
                "acc": 0,
                "rec": 0,
                "f1": 1,
                "acc_count": 0,
                "rec_count": 0
            },
            "keywords": {
                "acc": 0.864406779661017,
                "rec": 0.6,
                "f1": 0.7083333333333334,
                "acc_count": 59,
                "rec_count": 85
            }
        },
        "exact": 0.6602564102564102,
        "exec": 0.6666666666666666
    },
    "medium": {
        "count": 237,
        "partial": {
            "select": {
                "acc": 0.9259259259259259,
                "rec": 0.6329113924050633,
                "f1": 0.7518796992481204,
                "acc_count": 162,
                "rec_count": 237
            },
            "select(no AGG)": {
                "acc": 0.9382716049382716,
                "rec": 0.6413502109704642,
                "f1": 0.761904761904762,
                "acc_count": 162,
                "rec_count": 237
            },
            "where": {
                "acc": 0.9423076923076923,
                "rec": 0.5833333333333334,
                "f1": 0.7205882352941178,
                "acc_count": 52,
                "rec_count": 84
            },
            "where(no OP)": {
                "acc": 0.9423076923076923,
                "rec": 0.5833333333333334,
                "f1": 0.7205882352941178,
                "acc_count": 52,
                "rec_count": 84
            },
            "group(no Having)": {
                "acc": 0.82,
                "rec": 0.5942028985507246,
                "f1": 0.6890756302521008,
                "acc_count": 50,
                "rec_count": 69
            },
            "group": {
                "acc": 0.8,
                "rec": 0.5797101449275363,
                "f1": 0.6722689075630253,
                "acc_count": 50,
                "rec_count": 69
            },
            "order": {
                "acc": 0.84375,
                "rec": 0.6428571428571429,
                "f1": 0.7297297297297298,
                "acc_count": 32,
                "rec_count": 42
            },
            "and/or": {
                "acc": 0.9620253164556962,
                "rec": 1.0,
                "f1": 0.9806451612903226,
                "acc_count": 237,
                "rec_count": 228
            },
            "IUEN": {
                "acc": 0,
                "rec": 0,
                "f1": 1,
                "acc_count": 0,
                "rec_count": 0
            },
            "keywords": {
                "acc": 0.9465648854961832,
                "rec": 0.6526315789473685,
                "f1": 0.7725856697819314,
                "acc_count": 131,
                "rec_count": 190
            }
        },
        "exact": 0.5569620253164557,
        "exec": 0.5822784810126582
    },
    "hard": {
        "count": 77,
        "partial": {
            "select": {
                "acc": 1.0,
                "rec": 0.5324675324675324,
                "f1": 0.6949152542372882,
                "acc_count": 41,
                "rec_count": 77
            },
            "select(no AGG)": {
                "acc": 1.0,
                "rec": 0.5324675324675324,
                "f1": 0.6949152542372882,
                "acc_count": 41,
                "rec_count": 77
            },
            "where": {
                "acc": 0.6956521739130435,
                "rec": 0.3902439024390244,
                "f1": 0.5000000000000001,
                "acc_count": 23,
                "rec_count": 41
            },
            "where(no OP)": {
                "acc": 0.782608695652174,
                "rec": 0.43902439024390244,
                "f1": 0.5625,
                "acc_count": 23,
                "rec_count": 41
            },
            "group(no Having)": {
                "acc": 0.9090909090909091,
                "rec": 0.625,
                "f1": 0.7407407407407406,
                "acc_count": 11,
                "rec_count": 16
            },
            "group": {
                "acc": 0.9090909090909091,
                "rec": 0.625,
                "f1": 0.7407407407407406,
                "acc_count": 11,
                "rec_count": 16
            },
            "order": {
                "acc": 0.9090909090909091,
                "rec": 0.43478260869565216,
                "f1": 0.5882352941176471,
                "acc_count": 11,
                "rec_count": 23
            },
            "and/or": {
                "acc": 0.9342105263157895,
                "rec": 0.9861111111111112,
                "f1": 0.9594594594594595,
                "acc_count": 76,
                "rec_count": 72
            },
            "IUEN": {
                "acc": 0.7692307692307693,
                "rec": 0.45454545454545453,
                "f1": 0.5714285714285714,
                "acc_count": 13,
                "rec_count": 22
            },
            "keywords": {
                "acc": 0.8780487804878049,
                "rec": 0.4675324675324675,
                "f1": 0.6101694915254238,
                "acc_count": 41,
                "rec_count": 77
            }
        },
        "exact": 0.4155844155844156,
        "exec": 0.4675324675324675
    },
    "extra": {
        "count": 52,
        "partial": {
            "select": {
                "acc": 1.0,
                "rec": 0.5192307692307693,
                "f1": 0.6835443037974684,
                "acc_count": 27,
                "rec_count": 52
            },
            "select(no AGG)": {
                "acc": 1.0,
                "rec": 0.5192307692307693,