{
    "turn 1": {
        "count": 1,
        "exact": 1.0,
        "exec": 1.0
    },
    "turn 2": {
        "count": 1,
        "exact": 1.0,
        "exec": 1.0
    },
    "turn 3": {
        "count": 1,
        "exact": 1.0,
        "exec": 1.0
    },
    "turn 4": {
        "count": 1,
        "exact": 1.0,
        "exec": 1.0
    },
    "turn > 4": {
        "count": 555,
        "exact": 0.5099099099099099,
        "exec": 0.5297297297297298
    },
    "easy": {
        "count": 161,
        "partial": {
            "select": {
                "acc": 0.9649122807017544,
                "rec": 0.6832298136645962,
                "f1": 0.7999999999999999,
                "acc_count": 114,
                "rec_count": 161
            },
            "select(no AGG)": {
                "acc": 0.9736842105263158,
                "rec": 0.6894409937888198,
                "f1": 0.8072727272727273,
                "acc_count": 114,
                "rec_count": 161
            },
            "where": {
                "acc": 0.92,
                "rec": 0.41818181818181815,
                "f1": 0.575,
                "acc_count": 25,
                "rec_count": 55
            },
            "where(no OP)": {
                "acc": 0.96,
                "rec": 0.43636363636363634,
                "f1": 0.6,
                "acc_count": 25,
                "rec_count": 55
            },
            "group(no Having)": {
                "acc": 0.9333333333333333,
                "rec": 0.8235294117647058,
                "f1": 0.8749999999999999,
                "acc_count": 15,
                "rec_count": 17
            },
            "group": {
                "acc": 0.9333333333333333,
                "rec": 0.8235294117647058,
                "f1": 0.8749999999999999,
                "acc_count": 15,
                "rec_count": 17
            },
            "order": {
                "acc": 0.6842105263157895,
                "rec": 0.6842105263157895,
                "f1": 0.6842105263157895,
                "acc_count": 19,
                "rec_count": 19
            },
            "and/or": {
                "acc": 1.0,
                "rec": 1.0,
                "f1": 1.0,
                "acc_count": 161,
                "rec_count": 161
            },
            "IUEN": {
                "acc": 0,
                "rec": 0,
                "f1": 1,
                "acc_count": 0,
                "rec_count": 0
            },
            "keywords": {
                "acc": 0.864406779661017,
                "rec": 0.5604395604395604,
                "f1": 0.6799999999999999,
                "acc_count": 59,
                "rec_count": 91
            }
        },
        "exact": 0.6335403726708074,
        "exec": 0.6335403726708074
    },
    "medium": {
        "count": 252,
        "partial": {
            "select": {
                "acc": 0.9112426035502958,
                "rec": 0.6111111111111112,
                "f1": 0.7315914489311164,
                "acc_count": 169,
                "rec_count": 252
            },
            "select(no AGG)": {
                "acc": 0.9289940828402367,
                "rec": 0.623015873015873,
                "f1": 0.7458432304038004,
                "acc_count": 169,
                "rec_count": 252
            },
            "where": {
                "acc": 0.9454545454545454,
                "rec": 0.5909090909090909,
                "f1": 0.7272727272727273,
                "acc_count": 55,
                "rec_count": 88
            },
            "where(no OP)": {
                "acc": 0.9454545454545454,
                "rec": 0.5909090909090909,
                "f1": 0.7272727272727273,
                "acc_count": 55,
                "rec_count": 88
            },
            "group(no Having)": {
                "acc": 0.8235294117647058,
                "rec": 0.5526315789473685,
                "f1": 0.6614173228346457,
                "acc_count": 51,
                "rec_count": 76
            },
            "group": {
                "acc": 0.803921568627451,
                "rec": 0.5394736842105263,
                "f1": 0.6456692913385828,
                "acc_count": 51,
                "rec_count": 76
            },
            "order": {
                "acc": 0.8285714285714286,
                "rec": 0.6744186046511628,
                "f1": 0.7435897435897435,
                "acc_count": 35,
                "rec_count": 43
            },
            "and/or": {
                "acc": 0.9563492063492064,
                "rec": 1.0,
                "f1": 0.9776876267748479,
                "acc_count": 252,
                "rec_count": 241
            },
            "IUEN": {
                "acc": 0,
                "rec": 0,
                "f1": 1,
                "acc_count": 0,
                "rec_count": 0
            },
            "keywords": {
                "acc": 0.9416058394160584,
                "rec": 0.6386138613861386,
                "f1": 0.7610619469026548,
                "acc_count": 137,
                "rec_count": 202
            }
        },
        "exact": 0.5396825396825397,
        "exec": 0.5595238095238095
    },
    "hard": {
        "count": 82,
        "partial": {
            "select": {
                "acc": 1.0,
                "rec": 0.5121951219512195,
                "f1": 0.6774193548387097,
                "acc_count": 42,
                "rec_count": 82
            },
            "select(no AGG)": {
                "acc": 1.0,
                "rec": 0.5121951219512195,
                "f1": 0.6774193548387097,
                "acc_count": 42,
                "rec_count": 82
            },
            "where": {
                "acc": 0.6666666666666666,
                "rec": 0.36363636363636365,
                "f1": 0.4705882352941177,
                "acc_count": 24,
                "rec_count": 44
            },
            "where(no OP)": {
                "acc": 0.75,
                "rec": 0.4090909090909091,
                "f1": 0.5294117647058824,
                "acc_count": 24,
                "rec_count": 44
            },
            "group(no Having)": {
                "acc": 0.9090909090909091,
                "rec": 0.5882352941176471,
                "f1": 0.7142857142857143,
                "acc_count": 11,
                "rec_count": 17
            },
            "group": {
                "acc": 0.9090909090909091,
                "rec": 0.5882352941176471,
                "f1": 0.7142857142857143,
                "acc_count": 11,
                "rec_count": 17
            },
            "order": {
                "acc": 0.9090909090909091,
                "rec": 0.4166666666666667,
                "f1": 0.5714285714285715,
                "acc_count": 11,
                "rec_count": 24
            },
            "and/or": {
                "acc": 0.9382716049382716,
                "rec": 0.987012987012987,
                "f1": 0.9620253164556961,
                "acc_count": 81,
                "rec_count": 77
            },
            "IUEN": {
                "acc": 0.7692307692307693,
                "rec": 0.4166666666666667,
                "f1": 0.5405405405405406,
                "acc_count": 13,
                "rec_count": 24
            },
            "keywords": {
                "acc": 0.8571428571428571,
                "rec": 0.43902439024390244,
                "f1": 0.5806451612903225,
                "acc_count": 42,
                "rec_count": 82
            }
        },
        "exact": 0.3902439024390244,
        "exec": 0.43902439024390244
    },
    "extra": {
        "count": 64,
        "partial": {
            "select": {
                "acc": 1.0,
                "rec": 0.46875,
                "f1": 0.6382978723404256,
                "acc_count": 30,
                "rec_count": 64
            },
            "select(no AGG)": {
                "acc": 1.0,