{
    "turn 1": {
        "count": 1,
        "exact": 1.0,
        "exec": 1.0
    },
    "turn 2": {
        "count": 1,
        "exact": 1.0,
        "exec": 1.0
    },
    "turn 3": {
        "count": 1,
        "exact": 1.0,
        "exec": 1.0
    },
    "turn 4": {
        "count": 1,
        "exact": 1.0,
        "exec": 1.0
    },
    "turn > 4": {
        "count": 338,
        "exact": 0.6153846153846154,
        "exec": 0.6301775147928994
    },
    "easy": {
        "count": 116,
        "partial": {
            "select": {
                "acc": 0.9647058823529412,
                "rec": 0.7068965517241379,
                "f1": 0.8159203980099502,
                "acc_count": 85,
                "rec_count": 116
            },
            "select(no AGG)": {
                "acc": 0.9764705882352941,
                "rec": 0.7155172413793104,
                "f1": 0.8258706467661692,
                "acc_count": 85,
                "rec_count": 116
            },
            "where": {
                "acc": 1.0,
                "rec": 0.3793103448275862,
                "f1": 0.5499999999999999,
                "acc_count": 11,
                "rec_count": 29
            },
            "where(no OP)": {
                "acc": 1.0,
                "rec": 0.3793103448275862,
                "f1": 0.5499999999999999,
                "acc_count": 11,
                "rec_count": 29
            },
            "group(no Having)": {
                "acc": 0.9230769230769231,
                "rec": 0.8571428571428571,
                "f1": 0.888888888888889,
                "acc_count": 13,
                "rec_count": 14
            },
            "group": {
                "acc": 0.9230769230769231,
                "rec": 0.8571428571428571,
                "f1": 0.888888888888889,
                "acc_count": 13,
                "rec_count": 14
            },
            "order": {
                "acc": 0.7647058823529411,
                "rec": 0.7222222222222222,
                "f1": 0.7428571428571428,
                "acc_count": 17,
                "rec_count": 18
            },
            "and/or": {
                "acc": 1.0,
                "rec": 1.0,
                "f1": 1.0,
                "acc_count": 116,
                "rec_count": 116
            },
            "IUEN": {
                "acc": 0,
                "rec": 0,
                "f1": 1,
                "acc_count": 0,
                "rec_count": 0
            },
            "keywords": {
                "acc": 0.8780487804878049,
                "rec": 0.5901639344262295,
                "f1": 0.7058823529411764,
                "acc_count": 41,
                "rec_count": 61
            }
        },
        "exact": 0.6637931034482759,
        "exec": 0.6724137931034483
    },
    "medium": {
        "count": 164,
        "partial": {
            "select": {
                "acc": 0.944,
                "rec": 0.7195121951219512,
                "f1": 0.8166089965397924,
                "acc_count": 125,
                "rec_count": 164
            },
            "select(no AGG)": {
                "acc": 0.952,
                "rec": 0.725609756097561,
                "f1": 0.8235294117647058,
                "acc_count": 125,
                "rec_count": 164
            },
            "where": {
                "acc": 0.926829268292683,
                "rec": 0.6440677966101694,
                "f1": 0.76,
                "acc_count": 41,
                "rec_count": 59
            },
            "where(no OP)": {
                "acc": 0.926829268292683,
                "rec": 0.6440677966101694,
                "f1": 0.76,
                "acc_count": 41,
                "rec_count": 59
            },
            "group(no Having)": {
                "acc": 0.8648648648648649,
                "rec": 0.6956521739130435,
                "f1": 0.7710843373493975,
                "acc_count": 37,
                "rec_count": 46
            },
            "group": {
                "acc": 0.8378378378378378,
                "rec": 0.6739130434782609,
                "f1": 0.746987951807229,
                "acc_count": 37,
                "rec_count": 46
            },
            "order": {
                "acc": 0.8333333333333334,
                "rec": 0.7407407407407407,
                "f1": 0.7843137254901961,
                "acc_count": 24,
                "rec_count": 27
            },
            "and/or": {
                "acc": 0.9695121951219512,
                "rec": 1.0,
                "f1": 0.9845201238390092,
                "acc_count": 164,
                "rec_count": 159
            },
            "IUEN": {
                "acc": 0,
                "rec": 0,
                "f1": 1,
                "acc_count": 0,
                "rec_count": 0
            },
            "keywords": {
                "acc": 0.96,
                "rec": 0.75,
                "f1": 0.8421052631578947,
                "acc_count": 100,
                "rec_count": 128
            }
        },
        "exact": 0.6463414634146342,
        "exec": 0.6646341463414634
    },
    "hard": {
        "count": 37,
        "partial": {
            "select": {
                "acc": 1.0,
                "rec": 0.5675675675675675,
                "f1": 0.7241379310344828,
                "acc_count": 21,
                "rec_count": 37
            },
            "select(no AGG)": {
                "acc": 1.0,
                "rec": 0.5675675675675675,
                "f1": 0.7241379310344828,
                "acc_count": 21,
                "rec_count": 37
            },
            "where": {
                "acc": 0.9090909090909091,
                "rec": 0.625,
                "f1": 0.7407407407407406,
                "acc_count": 11,
                "rec_count": 16
            },
            "where(no OP)": {
                "acc": 0.9090909090909091,
                "rec": 0.625,
                "f1": 0.7407407407407406,
                "acc_count": 11,
                "rec_count": 16
            },
            "group(no Having)": {
                "acc": 1.0,
                "rec": 0.6666666666666666,
                "f1": 0.8,
                "acc_count": 8,
                "rec_count": 12
            },
            "group": {
                "acc": 1.0,
                "rec": 0.6666666666666666,
                "f1": 0.8,
                "acc_count": 8,
                "rec_count": 12
            },
            "order": {
                "acc": 1.0,
                "rec": 0.5714285714285714,
                "f1": 0.7272727272727273,
                "acc_count": 8,
                "rec_count": 14
            },
            "and/or": {
                "acc": 0.918918918918919,
                "rec": 1.0,
                "f1": 0.9577464788732395,
                "acc_count": 37,
                "rec_count": 34
            },
            "IUEN": {
                "acc": 0.75,
                "rec": 0.3333333333333333,
                "f1": 0.46153846153846156,
                "acc_count": 4,
                "rec_count": 9
            },
            "keywords": {
                "acc": 1.0,
                "rec": 0.5675675675675675,
                "f1": 0.7241379310344828,
                "acc_count": 21,
                "rec_count": 37
            }
        },
        "exact": 0.5135135135135135,
        "exec": 0.5135135135135135
    },
    "extra": {
        "count": 25,
        "partial": {
            "select": {
                "acc": 1.0,
                "rec": 0.64,
                "f1": 0.7804878048780487,
                "acc_count": 16,
                "rec_count": 25
            },
            "select(no AGG)": {
                "acc": 1.0,
                "rec": 0.64,
                "f1": 0.7804878048780487,
                "acc_count": 16,
                "rec_count": 25
            },
            "where": {
                "acc": 0.8,