{
    "turn 1": {
        "count": 1,
        "exact": 1.0,
        "exec": 1.0
    },
    "turn 2": {
        "count": 1,
        "exact": 1.0,
        "exec": 1.0
    },
    "turn 3": {
        "count": 1,
        "exact": 1.0,
        "exec": 1.0
    },
    "turn 4": {
        "count": 1,
        "exact": 1.0,
        "exec": 1.0
    },
    "turn > 4": {
        "count": 454,
        "exact": 0.5748898678414097,
        "exec": 0.5947136563876652
    },
    "easy": {
        "count": 142,
        "partial": {
            "select": {
                "acc": 0.9619047619047619,
                "rec": 0.7112676056338029,
                "f1": 0.8178137651821863,
                "acc_count": 105,
                "rec_count": 142
            },
            "select(no AGG)": {
                "acc": 0.9714285714285714,
                "rec": 0.7183098591549296,
                "f1": 0.8259109311740892,
                "acc_count": 105,
                "rec_count": 142
            },
            "where": {
                "acc": 0.9411764705882353,
                "rec": 0.4,
                "f1": 0.5614035087719298,
                "acc_count": 17,
                "rec_count": 40
            },
            "where(no OP)": {
                "acc": 0.9411764705882353,
                "rec": 0.4,
                "f1": 0.5614035087719298,
                "acc_count": 17,
                "rec_count": 40
            },
            "group(no Having)": {
                "acc": 0.9333333333333333,
                "rec": 0.875,
                "f1": 0.9032258064516129,
                "acc_count": 15,
                "rec_count": 16
            },
            "group": {
                "acc": 0.9333333333333333,
                "rec": 0.875,
                "f1": 0.9032258064516129,
                "acc_count": 15,
                "rec_count": 16
            },
            "order": {
                "acc": 0.6842105263157895,
                "rec": 0.6842105263157895,
                "f1": 0.6842105263157895,
                "acc_count": 19,
                "rec_count": 19
            },
            "and/or": {
                "acc": 1.0,
                "rec": 1.0,
                "f1": 1.0,
                "acc_count": 142,
                "rec_count": 142
            },
            "IUEN": {
                "acc": 0,
                "rec": 0,
                "f1": 1,
                "acc_count": 0,
                "rec_count": 0
            },
            "keywords": {
                "acc": 0.8627450980392157,
                "rec": 0.5866666666666667,
                "f1": 0.6984126984126984,
                "acc_count": 51,
                "rec_count": 75
            }
        },
        "exact": 0.6619718309859155,
        "exec": 0.676056338028169
    },
    "medium": {
        "count": 208,
        "partial": {
            "select": {
                "acc": 0.94,
                "rec": 0.6778846153846154,
                "f1": 0.7877094972067039,
                "acc_count": 150,
                "rec_count": 208
            },
            "select(no AGG)": {
                "acc": 0.9466666666666667,
                "rec": 0.6826923076923077,
                "f1": 0.7932960893854749,
                "acc_count": 150,
                "rec_count": 208
            },
            "where": {
                "acc": 0.9375,
                "rec": 0.6,
                "f1": 0.7317073170731707,
                "acc_count": 48,
                "rec_count": 75
            },
            "where(no OP)": {
                "acc": 0.9375,
                "rec": 0.6,
                "f1": 0.7317073170731707,
                "acc_count": 48,
                "rec_count": 75
            },
            "group(no Having)": {
                "acc": 0.851063829787234,
                "rec": 0.6666666666666666,
                "f1": 0.7476635514018691,
                "acc_count": 47,
                "rec_count": 60
            },
            "group": {
                "acc": 0.8297872340425532,
                "rec": 0.65,
                "f1": 0.7289719626168223,
                "acc_count": 47,
                "rec_count": 60
            },
            "order": {
                "acc": 0.8333333333333334,
                "rec": 0.7142857142857143,
                "f1": 0.7692307692307692,
                "acc_count": 30,
                "rec_count": 35
            },
            "and/or": {
                "acc": 0.9615384615384616,
                "rec": 1.0,
                "f1": 0.9803921568627451,
                "acc_count": 208,
                "rec_count": 200
            },
            "IUEN": {
                "acc": 0,
                "rec": 0,
                "f1": 1,
                "acc_count": 0,
                "rec_count": 0
            },
            "keywords": {
                "acc": 0.9512195121951219,
                "rec": 0.7048192771084337,
                "f1": 0.809688581314879,
                "acc_count": 123,
                "rec_count": 166
            }
        },
        "exact": 0.6105769230769231,
        "exec": 0.6298076923076923
    },
    "hard": {
        "count": 64,
        "partial": {
            "select": {
                "acc": 1.0,
                "rec": 0.5625,
                "f1": 0.72,
                "acc_count": 36,
                "rec_count": 64
            },
            "select(no AGG)": {
                "acc": 1.0,
                "rec": 0.5625,
                "f1": 0.72,
                "acc_count": 36,
                "rec_count": 64
            },
            "where": {
                "acc": 0.8,
                "rec": 0.5161290322580645,
                "f1": 0.6274509803921569,
                "acc_count": 20,
                "rec_count": 31
            },
            "where(no OP)": {
                "acc": 0.8,
                "rec": 0.5161290322580645,
                "f1": 0.6274509803921569,
                "acc_count": 20,
                "rec_count": 31
            },
            "group(no Having)": {
                "acc": 0.9,
                "rec": 0.6,
                "f1": 0.7200000000000001,
                "acc_count": 10,
                "rec_count": 15
            },
            "group": {
                "acc": 0.9,
                "rec": 0.6,
                "f1": 0.7200000000000001,
                "acc_count": 10,
                "rec_count": 15
            },
            "order": {
                "acc": 0.9,
                "rec": 0.45,
                "f1": 0.6,
                "acc_count": 10,
                "rec_count": 20
            },
            "and/or": {
                "acc": 0.9206349206349206,
                "rec": 0.9830508474576272,
                "f1": 0.9508196721311476,
                "acc_count": 63,
                "rec_count": 59
            },
            "IUEN": {
                "acc": 0.9,
                "rec": 0.5,
                "f1": 0.6428571428571429,
                "acc_count": 10,
                "rec_count": 18
            },
            "keywords": {
                "acc": 0.9444444444444444,
                "rec": 0.53125,
                "f1": 0.6799999999999999,
                "acc_count": 36,
                "rec_count": 64
            }
        },
        "exact": 0.46875,
        "exec": 0.5
    },
    "extra": {
        "count": 44,
        "partial": {
            "select": {
                "acc": 1.0,
                "rec": 0.5454545454545454,
                "f1": 0.7058823529411764,
                "acc_count": 24,
                "rec_count": 44
            },
            "select(no AGG)": {
                "acc": 1.0,
                "rec": 0.5454545454545454,
                "f1": 0.7058823529411764,
                "acc_count": 24,
                "rec_count": 44
            },
            "where": {
                "acc": 0.6363636363636364,
                "rec": 0.2916666666666667,
                "f1": 0.4,