{
    "turn 1": {
        "count": 1,
        "exact": 1.0,
        "exec": 1.0
    },
    "turn 2": {
        "count": 1,
        "exact": 1.0,
        "exec": 1.0
    },
    "turn 3": {
        "count": 1,
        "exact": 1.0,
        "exec": 1.0
    },
    "turn 4": {
        "count": 1,
        "exact": 1.0,
        "exec": 1.0
    },
    "turn > 4": {
        "count": 543,
        "exact": 0.5322283609576427,
        "exec": 0.5580110497237569
    },
    "easy": {
        "count": 163,
        "partial": {
            "select": {
                "acc": 0.9658119658119658,
                "rec": 0.6932515337423313,
                "f1": 0.807142857142857,
                "acc_count": 117,
                "rec_count": 163
            },
            "select(no AGG)": {
                "acc": 0.9743589743589743,
                "rec": 0.6993865030674846,
                "f1": 0.8142857142857142,
                "acc_count": 117,
                "rec_count": 163
            },
            "where": {
                "acc": 0.92,
                "rec": 0.4423076923076923,
                "f1": 0.5974025974025974,
                "acc_count": 25,
                "rec_count": 52
            },
            "where(no OP)": {
                "acc": 0.96,
                "rec": 0.46153846153846156,
                "f1": 0.6233766233766234,
                "acc_count": 25,
                "rec_count": 52
            },
            "group(no Having)": {
                "acc": 0.9375,
                "rec": 0.8823529411764706,
                "f1": 0.9090909090909091,
                "acc_count": 16,
                "rec_count": 17
            },
            "group": {
                "acc": 0.9375,
                "rec": 0.8823529411764706,
                "f1": 0.9090909090909091,
                "acc_count": 16,
                "rec_count": 17
            },
            "order": {
                "acc": 0.6842105263157895,
                "rec": 0.6190476190476191,
                "f1": 0.6500000000000001,
                "acc_count": 19,
                "rec_count": 21
            },
            "and/or": {
                "acc": 1.0,
                "rec": 1.0,
                "f1": 1.0,
                "acc_count": 163,
                "rec_count": 163
            },
            "IUEN": {
                "acc": 0,
                "rec": 0,
                "f1": 1,
                "acc_count": 0,
                "rec_count": 0
            },
            "keywords": {
                "acc": 0.8666666666666667,
                "rec": 0.5777777777777777,
                "f1": 0.6933333333333332,
                "acc_count": 60,
                "rec_count": 90
            }
        },
        "exact": 0.6380368098159509,
        "exec": 0.6380368098159509
    },
    "medium": {
        "count": 247,
        "partial": {
            "select": {
                "acc": 0.9176470588235294,
                "rec": 0.631578947368421,
                "f1": 0.7482014388489209,
                "acc_count": 170,
                "rec_count": 247
            },
            "select(no AGG)": {
                "acc": 0.9352941176470588,
                "rec": 0.6437246963562753,
                "f1": 0.7625899280575539,
                "acc_count": 170,
                "rec_count": 247
            },
            "where": {
                "acc": 0.9454545454545454,
                "rec": 0.5842696629213483,
                "f1": 0.7222222222222222,
                "acc_count": 55,
                "rec_count": 89
            },
            "where(no OP)": {
                "acc": 0.9454545454545454,
                "rec": 0.5842696629213483,
                "f1": 0.7222222222222222,
                "acc_count": 55,
                "rec_count": 89
            },
            "group(no Having)": {
                "acc": 0.8235294117647058,
                "rec": 0.5915492957746479,
                "f1": 0.6885245901639344,
                "acc_count": 51,
                "rec_count": 71
            },
            "group": {
                "acc": 0.803921568627451,
                "rec": 0.5774647887323944,
                "f1": 0.6721311475409837,
                "acc_count": 51,
                "rec_count": 71
            },
            "order": {
                "acc": 0.8285714285714286,
                "rec": 0.6590909090909091,
                "f1": 0.7341772151898734,
                "acc_count": 35,
                "rec_count": 44
            },
            "and/or": {
                "acc": 0.9554655870445344,
                "rec": 1.0,
                "f1": 0.9772256728778468,
                "acc_count": 247,
                "rec_count": 236
            },
            "IUEN": {
                "acc": 0,
                "rec": 0,
                "f1": 1,
                "acc_count": 0,
                "rec_count": 0
            },
            "keywords": {
                "acc": 0.9420289855072463,
                "rec": 0.6532663316582915,
                "f1": 0.7715133531157269,
                "acc_count": 138,
                "rec_count": 199
            }
        },
        "exact": 0.5587044534412956,
        "exec": 0.5870445344129555
    },
    "hard": {
        "count": 81,
        "partial": {
            "select": {
                "acc": 1.0,
                "rec": 0.5432098765432098,
                "f1": 0.704,
                "acc_count": 44,
                "rec_count": 81
            },
            "select(no AGG)": {
                "acc": 1.0,
                "rec": 0.5432098765432098,
                "f1": 0.704,
                "acc_count": 44,
                "rec_count": 81
            },
            "where": {
                "acc": 0.6923076923076923,
                "rec": 0.4090909090909091,
                "f1": 0.5142857142857142,
                "acc_count": 26,
                "rec_count": 44
            },
            "where(no OP)": {
                "acc": 0.7692307692307693,
                "rec": 0.45454545454545453,
                "f1": 0.5714285714285714,
                "acc_count": 26,
                "rec_count": 44
            },
            "group(no Having)": {
                "acc": 0.9090909090909091,
                "rec": 0.625,
                "f1": 0.7407407407407406,
                "acc_count": 11,
                "rec_count": 16
            },
            "group": {
                "acc": 0.9090909090909091,
                "rec": 0.625,
                "f1": 0.7407407407407406,
                "acc_count": 11,
                "rec_count": 16
            },
            "order": {
                "acc": 0.9090909090909091,
                "rec": 0.4166666666666667,
                "f1": 0.5714285714285715,
                "acc_count": 11,
                "rec_count": 24
            },
            "and/or": {
                "acc": 0.9375,
                "rec": 0.9868421052631579,
                "f1": 0.9615384615384615,
                "acc_count": 80,
                "rec_count": 76
            },
            "IUEN": {
                "acc": 0.7692307692307693,
                "rec": 0.45454545454545453,
                "f1": 0.5714285714285714,
                "acc_count": 13,
                "rec_count": 22
            },
            "keywords": {
                "acc": 0.8636363636363636,
                "rec": 0.4691358024691358,
                "f1": 0.608,
                "acc_count": 44,
                "rec_count": 81
            }
        },
        "exact": 0.41975308641975306,
        "exec": 0.4691358024691358
    },
    "extra": {
        "count": 56,
        "partial": {
            "select": {
                "acc": 1.0,
                "rec": 0.5535714285714286,
                "f1": 0.7126436781609196,
                "acc_count": 31,
                "rec_count": 56
            },
            "select(no AGG)": {
                "acc": 1.0,
                "rec": 0.5535714285714286,