{
    "turn 1": {
        "count": 1,
        "exact": 1.0,
        "exec": 1.0
    },
    "turn 2": {
        "count": 1,
        "exact": 1.0,
        "exec": 1.0
    },
    "turn 3": {
        "count": 1,
        "exact": 1.0,
        "exec": 1.0
    },
    "turn 4": {
        "count": 1,
        "exact": 0.0,
        "exec": 0.0
    },
    "turn > 4": {
        "count": 244,
        "exact": 0.639344262295082,
        "exec": 0.6516393442622951
    },
    "easy": {
        "count": 101,
        "partial": {
            "select": {
                "acc": 0.9726027397260274,
                "rec": 0.7029702970297029,
                "f1": 0.8160919540229884,
                "acc_count": 73,
                "rec_count": 101
            },
            "select(no AGG)": {
                "acc": 0.9863013698630136,
                "rec": 0.7128712871287128,
                "f1": 0.8275862068965517,
                "acc_count": 73,
                "rec_count": 101
            },
            "where": {
                "acc": 1.0,
                "rec": 0.32,
                "f1": 0.48484848484848486,
                "acc_count": 8,
                "rec_count": 25
            },
            "where(no OP)": {
                "acc": 1.0,
                "rec": 0.32,
                "f1": 0.48484848484848486,
                "acc_count": 8,
                "rec_count": 25
            },
            "group(no Having)": {
                "acc": 1.0,
                "rec": 0.9090909090909091,
                "f1": 0.9523809523809523,
                "acc_count": 10,
                "rec_count": 11
            },
            "group": {
                "acc": 1.0,
                "rec": 0.9090909090909091,
                "f1": 0.9523809523809523,
                "acc_count": 10,
                "rec_count": 11
            },
            "order": {
                "acc": 0.75,
                "rec": 0.7058823529411765,
                "f1": 0.7272727272727272,
                "acc_count": 16,
                "rec_count": 17
            },
            "and/or": {
                "acc": 1.0,
                "rec": 1.0,
                "f1": 1.0,
                "acc_count": 101,
                "rec_count": 101
            },
            "IUEN": {
                "acc": 0,
                "rec": 0,
                "f1": 1,
                "acc_count": 0,
                "rec_count": 0
            },
            "keywords": {
                "acc": 0.8823529411764706,
                "rec": 0.5660377358490566,
                "f1": 0.6896551724137931,
                "acc_count": 34,
                "rec_count": 53
            }
        },
        "exact": 0.6534653465346535,
        "exec": 0.6633663366336634
    },
    "medium": {
        "count": 109,
        "partial": {
            "select": {
                "acc": 0.9634146341463414,
                "rec": 0.7247706422018348,
                "f1": 0.8272251308900525,
                "acc_count": 82,
                "rec_count": 109
            },
            "select(no AGG)": {
                "acc": 0.975609756097561,
                "rec": 0.7339449541284404,
                "f1": 0.837696335078534,
                "acc_count": 82,
                "rec_count": 109
            },
            "where": {
                "acc": 0.9642857142857143,
                "rec": 0.6585365853658537,
                "f1": 0.782608695652174,
                "acc_count": 28,
                "rec_count": 41
            },
            "where(no OP)": {
                "acc": 0.9642857142857143,
                "rec": 0.6585365853658537,
                "f1": 0.782608695652174,
                "acc_count": 28,
                "rec_count": 41
            },
            "group(no Having)": {
                "acc": 0.95,
                "rec": 0.7307692307692307,
                "f1": 0.8260869565217392,
                "acc_count": 20,
                "rec_count": 26
            },
            "group": {
                "acc": 0.95,
                "rec": 0.7307692307692307,
                "f1": 0.8260869565217392,
                "acc_count": 20,
                "rec_count": 26
            },
            "order": {
                "acc": 0.8,
                "rec": 0.6956521739130435,
                "f1": 0.7441860465116279,
                "acc_count": 20,
                "rec_count": 23
            },
            "and/or": {
                "acc": 0.9724770642201835,
                "rec": 1.0,
                "f1": 0.986046511627907,
                "acc_count": 109,
                "rec_count": 106
            },
            "IUEN": {
                "acc": 0,
                "rec": 0,
                "f1": 1,
                "acc_count": 0,
                "rec_count": 0
            },
            "keywords": {
                "acc": 0.9552238805970149,
                "rec": 0.735632183908046,
                "f1": 0.8311688311688311,
                "acc_count": 67,
                "rec_count": 87
            }
        },
        "exact": 0.6605504587155964,
        "exec": 0.6605504587155964
    },
    "hard": {
        "count": 26,
        "partial": {
            "select": {
                "acc": 1.0,
                "rec": 0.6153846153846154,
                "f1": 0.761904761904762,
                "acc_count": 16,
                "rec_count": 26
            },
            "select(no AGG)": {
                "acc": 1.0,
                "rec": 0.6153846153846154,
                "f1": 0.761904761904762,
                "acc_count": 16,
                "rec_count": 26
            },
            "where": {
                "acc": 0.8333333333333334,
                "rec": 0.5555555555555556,
                "f1": 0.6666666666666667,
                "acc_count": 6,
                "rec_count": 9
            },
            "where(no OP)": {
                "acc": 0.8333333333333334,
                "rec": 0.5555555555555556,
                "f1": 0.6666666666666667,
                "acc_count": 6,
                "rec_count": 9
            },
            "group(no Having)": {
                "acc": 1.0,
                "rec": 0.7272727272727273,
                "f1": 0.8421052631578948,
                "acc_count": 8,
                "rec_count": 11
            },
            "group": {
                "acc": 1.0,
                "rec": 0.7272727272727273,
                "f1": 0.8421052631578948,
                "acc_count": 8,
                "rec_count": 11
            },
            "order": {
                "acc": 1.0,
                "rec": 0.6666666666666666,
                "f1": 0.8,
                "acc_count": 8,
                "rec_count": 12
            },
            "and/or": {
                "acc": 0.9230769230769231,
                "rec": 1.0,
                "f1": 0.9600000000000001,
                "acc_count": 26,
                "rec_count": 24
            },
            "IUEN": {
                "acc": 0.75,
                "rec": 0.42857142857142855,
                "f1": 0.5454545454545454,
                "acc_count": 4,
                "rec_count": 7
            },
            "keywords": {
                "acc": 1.0,
                "rec": 0.6153846153846154,
                "f1": 0.761904761904762,
                "acc_count": 16,
                "rec_count": 26
            }
        },
        "exact": 0.5384615384615384,
        "exec": 0.5384615384615384
    },
    "extra": {
        "count": 12,
        "partial": {
            "select": {
                "acc": 1.0,
                "rec": 0.9166666666666666,
                "f1": 0.9565217391304348,
                "acc_count": 11,
                "rec_count": 12
            },
            "select(no AGG)": {
                "acc": 1.0,
                "rec": 0.9166666666666666,
                "f1": 0.9565217391304348,
                "acc_count": 11,
                "rec_count": 12
            },