{
    "turn 1": {
        "count": 1,
        "exact": 1.0,
        "exec": 1.0
    },
    "turn 2": {
        "count": 1,
        "exact": 1.0,
        "exec": 1.0
    },
    "turn 3": {
        "count": 1,
        "exact": 1.0,
        "exec": 1.0
    },
    "turn 4": {
        "count": 1,
        "exact": 1.0,
        "exec": 1.0
    },
    "turn > 4": {
        "count": 468,
        "exact": 0.5576923076923077,
        "exec": 0.5833333333333334
    },
    "easy": {
        "count": 145,
        "partial": {
            "select": {
                "acc": 0.9622641509433962,
                "rec": 0.7034482758620689,
                "f1": 0.8127490039840637,
                "acc_count": 106,
                "rec_count": 145
            },
            "select(no AGG)": {
                "acc": 0.9716981132075472,
                "rec": 0.7103448275862069,
                "f1": 0.8207171314741035,
                "acc_count": 106,
                "rec_count": 145
            },
            "where": {
                "acc": 0.8888888888888888,
                "rec": 0.38095238095238093,
                "f1": 0.5333333333333333,
                "acc_count": 18,
                "rec_count": 42
            },
            "where(no OP)": {
                "acc": 0.9444444444444444,
                "rec": 0.40476190476190477,
                "f1": 0.5666666666666667,
                "acc_count": 18,
                "rec_count": 42
            },
            "group(no Having)": {
                "acc": 0.9333333333333333,
                "rec": 0.875,
                "f1": 0.9032258064516129,
                "acc_count": 15,
                "rec_count": 16
            },
            "group": {
                "acc": 0.9333333333333333,
                "rec": 0.875,
                "f1": 0.9032258064516129,
                "acc_count": 15,
                "rec_count": 16
            },
            "order": {
                "acc": 0.6842105263157895,
                "rec": 0.6842105263157895,
                "f1": 0.6842105263157895,
                "acc_count": 19,
                "rec_count": 19
            },
            "and/or": {
                "acc": 1.0,
                "rec": 1.0,
                "f1": 1.0,
                "acc_count": 145,
                "rec_count": 145
            },
            "IUEN": {
                "acc": 0,
                "rec": 0,
                "f1": 1,
                "acc_count": 0,
                "rec_count": 0
            },
            "keywords": {
                "acc": 0.8461538461538461,
                "rec": 0.5714285714285714,
                "f1": 0.6821705426356589,
                "acc_count": 52,
                "rec_count": 77
            }
        },
        "exact": 0.6482758620689655,
        "exec": 0.6689655172413793
    },
    "medium": {
        "count": 213,
        "partial": {
            "select": {
                "acc": 0.9337748344370861,
                "rec": 0.6619718309859155,
                "f1": 0.7747252747252746,
                "acc_count": 151,
                "rec_count": 213
            },
            "select(no AGG)": {
                "acc": 0.9470198675496688,
                "rec": 0.6713615023474179,
                "f1": 0.7857142857142858,
                "acc_count": 151,
                "rec_count": 213
            },
            "where": {
                "acc": 0.9375,
                "rec": 0.5921052631578947,
                "f1": 0.7258064516129032,
                "acc_count": 48,
                "rec_count": 76
            },
            "where(no OP)": {
                "acc": 0.9375,
                "rec": 0.5921052631578947,
                "f1": 0.7258064516129032,
                "acc_count": 48,
                "rec_count": 76
            },
            "group(no Having)": {
                "acc": 0.851063829787234,
                "rec": 0.6451612903225806,
                "f1": 0.7339449541284404,
                "acc_count": 47,
                "rec_count": 62
            },
            "group": {
                "acc": 0.8297872340425532,
                "rec": 0.6290322580645161,
                "f1": 0.7155963302752293,
                "acc_count": 47,
                "rec_count": 62
            },
            "order": {
                "acc": 0.8064516129032258,
                "rec": 0.7142857142857143,
                "f1": 0.7575757575757576,
                "acc_count": 31,
                "rec_count": 35
            },
            "and/or": {
                "acc": 0.9624413145539906,
                "rec": 1.0,
                "f1": 0.9808612440191388,
                "acc_count": 213,
                "rec_count": 205
            },
            "IUEN": {
                "acc": 0,
                "rec": 0,
                "f1": 1,
                "acc_count": 0,
                "rec_count": 0
            },
            "keywords": {
                "acc": 0.9435483870967742,
                "rec": 0.6923076923076923,
                "f1": 0.7986348122866894,
                "acc_count": 124,
                "rec_count": 169
            }
        },
        "exact": 0.596244131455399,
        "exec": 0.6197183098591549
    },
    "hard": {
        "count": 67,
        "partial": {
            "select": {
                "acc": 1.0,
                "rec": 0.5373134328358209,
                "f1": 0.6990291262135923,
                "acc_count": 36,
                "rec_count": 67
            },
            "select(no AGG)": {
                "acc": 1.0,
                "rec": 0.5373134328358209,
                "f1": 0.6990291262135923,
                "acc_count": 36,
                "rec_count": 67
            },
            "where": {
                "acc": 0.7619047619047619,
                "rec": 0.45714285714285713,
                "f1": 0.5714285714285714,
                "acc_count": 21,
                "rec_count": 35
            },
            "where(no OP)": {
                "acc": 0.8095238095238095,
                "rec": 0.4857142857142857,
                "f1": 0.6071428571428571,
                "acc_count": 21,
                "rec_count": 35
            },
            "group(no Having)": {
                "acc": 0.9,
                "rec": 0.6,
                "f1": 0.7200000000000001,
                "acc_count": 10,
                "rec_count": 15
            },
            "group": {
                "acc": 0.9,
                "rec": 0.6,
                "f1": 0.7200000000000001,
                "acc_count": 10,
                "rec_count": 15
            },
            "order": {
                "acc": 0.9,
                "rec": 0.42857142857142855,
                "f1": 0.5806451612903225,
                "acc_count": 10,
                "rec_count": 21
            },
            "and/or": {
                "acc": 0.9242424242424242,
                "rec": 0.9838709677419355,
                "f1": 0.9531249999999999,
                "acc_count": 66,
                "rec_count": 62
            },
            "IUEN": {
                "acc": 0.8,
                "rec": 0.4444444444444444,
                "f1": 0.5714285714285714,
                "acc_count": 10,
                "rec_count": 18
            },
            "keywords": {
                "acc": 0.9166666666666666,
                "rec": 0.4925373134328358,
                "f1": 0.6407766990291262,
                "acc_count": 36,
                "rec_count": 67
            }
        },
        "exact": 0.43283582089552236,
        "exec": 0.47761194029850745
    },
    "extra": {
        "count": 47,
        "partial": {
            "select": {
                "acc": 1.0,
                "rec": 0.5531914893617021,
                "f1": 0.7123287671232876,
                "acc_count": 26,
                "rec_count": 47
            },
            "select(no AGG)": {
                "acc": 1.0,
                "rec": 0.5531914893617021,