{
    "turn 1": {
        "count": 1,
        "exact": 1.0,
        "exec": 1.0
    },
    "turn 2": {
        "count": 1,
        "exact": 1.0,
        "exec": 1.0
    },
    "turn 3": {
        "count": 1,
        "exact": 1.0,
        "exec": 1.0
    },
    "turn 4": {
        "count": 1,
        "exact": 1.0,
        "exec": 1.0
    },
    "turn > 4": {
        "count": 525,
        "exact": 0.5257142857142857,
        "exec": 0.5504761904761905
    },
    "easy": {
        "count": 156,
        "partial": {
            "select": {
                "acc": 0.9646017699115044,
                "rec": 0.6987179487179487,
                "f1": 0.8104089219330854,
                "acc_count": 113,
                "rec_count": 156
            },
            "select(no AGG)": {
                "acc": 0.9734513274336283,
                "rec": 0.7051282051282052,
                "f1": 0.8178438661710038,
                "acc_count": 113,
                "rec_count": 156
            },
            "where": {
                "acc": 0.9166666666666666,
                "rec": 0.43137254901960786,
                "f1": 0.5866666666666666,
                "acc_count": 24,
                "rec_count": 51
            },
            "where(no OP)": {
                "acc": 0.9583333333333334,
                "rec": 0.45098039215686275,
                "f1": 0.6133333333333333,
                "acc_count": 24,
                "rec_count": 51
            },
            "group(no Having)": {
                "acc": 0.9333333333333333,
                "rec": 0.875,
                "f1": 0.9032258064516129,
                "acc_count": 15,
                "rec_count": 16
            },
            "group": {
                "acc": 0.9333333333333333,
                "rec": 0.875,
                "f1": 0.9032258064516129,
                "acc_count": 15,
                "rec_count": 16
            },
            "order": {
                "acc": 0.6842105263157895,
                "rec": 0.6842105263157895,
                "f1": 0.6842105263157895,
                "acc_count": 19,
                "rec_count": 19
            },
            "and/or": {
                "acc": 1.0,
                "rec": 1.0,
                "f1": 1.0,
                "acc_count": 156,
                "rec_count": 156
            },
            "IUEN": {
                "acc": 0,
                "rec": 0,
                "f1": 1,
                "acc_count": 0,
                "rec_count": 0
            },
            "keywords": {
                "acc": 0.8620689655172413,
                "rec": 0.5813953488372093,
                "f1": 0.6944444444444445,
                "acc_count": 58,
                "rec_count": 86
            }
        },
        "exact": 0.6474358974358975,
        "exec": 0.6538461538461539
    },
    "medium": {
        "count": 236,
        "partial": {
            "select": {
                "acc": 0.9254658385093167,
                "rec": 0.6313559322033898,
                "f1": 0.7506297229219143,
                "acc_count": 161,
                "rec_count": 236
            },
            "select(no AGG)": {
                "acc": 0.9440993788819876,
                "rec": 0.6440677966101694,
                "f1": 0.7657430730478588,
                "acc_count": 161,
                "rec_count": 236
            },
            "where": {
                "acc": 0.9411764705882353,
                "rec": 0.5925925925925926,
                "f1": 0.7272727272727272,
                "acc_count": 51,
                "rec_count": 81
            },
            "where(no OP)": {
                "acc": 0.9411764705882353,
                "rec": 0.5925925925925926,
                "f1": 0.7272727272727272,
                "acc_count": 51,
                "rec_count": 81
            },
            "group(no Having)": {
                "acc": 0.82,
                "rec": 0.5857142857142857,
                "f1": 0.6833333333333333,
                "acc_count": 50,
                "rec_count": 70
            },
            "group": {
                "acc": 0.8,
                "rec": 0.5714285714285714,
                "f1": 0.6666666666666666,
                "acc_count": 50,
                "rec_count": 70
            },
            "order": {
                "acc": 0.8235294117647058,
                "rec": 0.6829268292682927,
                "f1": 0.7466666666666667,
                "acc_count": 34,
                "rec_count": 41
            },
            "and/or": {
                "acc": 0.9661016949152542,
                "rec": 1.0,
                "f1": 0.9827586206896551,
                "acc_count": 236,
                "rec_count": 228
            },
            "IUEN": {
                "acc": 0,
                "rec": 0,
                "f1": 1,
                "acc_count": 0,
                "rec_count": 0
            },
            "keywords": {
                "acc": 0.9389312977099237,
                "rec": 0.6577540106951871,
                "f1": 0.7735849056603774,
                "acc_count": 131,
                "rec_count": 187
            }
        },
        "exact": 0.5550847457627118,
        "exec": 0.5805084745762712
    },
    "hard": {
        "count": 80,
        "partial": {
            "select": {
                "acc": 1.0,
                "rec": 0.525,
                "f1": 0.6885245901639345,
                "acc_count": 42,
                "rec_count": 80
            },
            "select(no AGG)": {
                "acc": 1.0,
                "rec": 0.525,
                "f1": 0.6885245901639345,
                "acc_count": 42,
                "rec_count": 80
            },
            "where": {
                "acc": 0.6666666666666666,
                "rec": 0.37209302325581395,
                "f1": 0.4776119402985074,
                "acc_count": 24,
                "rec_count": 43
            },
            "where(no OP)": {
                "acc": 0.75,
                "rec": 0.4186046511627907,
                "f1": 0.5373134328358209,
                "acc_count": 24,
                "rec_count": 43
            },
            "group(no Having)": {
                "acc": 0.9090909090909091,
                "rec": 0.5882352941176471,
                "f1": 0.7142857142857143,
                "acc_count": 11,
                "rec_count": 17
            },
            "group": {
                "acc": 0.9090909090909091,
                "rec": 0.5882352941176471,
                "f1": 0.7142857142857143,
                "acc_count": 11,
                "rec_count": 17
            },
            "order": {
                "acc": 0.9090909090909091,
                "rec": 0.4166666666666667,
                "f1": 0.5714285714285715,
                "acc_count": 11,
                "rec_count": 24
            },
            "and/or": {
                "acc": 0.9367088607594937,
                "rec": 0.9866666666666667,
                "f1": 0.961038961038961,
                "acc_count": 79,
                "rec_count": 75
            },
            "IUEN": {
                "acc": 0.7692307692307693,
                "rec": 0.43478260869565216,
                "f1": 0.5555555555555555,
                "acc_count": 13,
                "rec_count": 23
            },
            "keywords": {
                "acc": 0.8571428571428571,
                "rec": 0.45,
                "f1": 0.5901639344262294,
                "acc_count": 42,
                "rec_count": 80
            }
        },
        "exact": 0.4,
        "exec": 0.45
    },
    "extra": {
        "count": 57,
        "partial": {
            "select": {
                "acc": 1.0,
                "rec": 0.5087719298245614,
                "f1": 0.6744186046511628,
                "acc_count": 29,
                "rec_count": 57
            },
            "select(no AGG)": {
                "acc": 1.0,
                "rec": 0.5087719298245614,