{
    "turn 1": {
        "count": 1,
        "exact": 1.0,
        "exec": 1.0
    },
    "turn 2": {
        "count": 1,
        "exact": 1.0,
        "exec": 1.0
    },
    "turn 3": {
        "count": 1,
        "exact": 1.0,
        "exec": 1.0
    },
    "turn 4": {
        "count": 1,
        "exact": 1.0,
        "exec": 1.0
    },
    "turn > 4": {
        "count": 345,
        "exact": 0.6057971014492753,
        "exec": 0.6202898550724638
    },
    "easy": {
        "count": 117,
        "partial": {
            "select": {
                "acc": 0.9764705882352941,
                "rec": 0.7094017094017094,
                "f1": 0.8217821782178217,
                "acc_count": 85,
                "rec_count": 117
            },
            "select(no AGG)": {
                "acc": 0.9882352941176471,
                "rec": 0.717948717948718,
                "f1": 0.8316831683168316,
                "acc_count": 85,
                "rec_count": 117
            },
            "where": {
                "acc": 1.0,
                "rec": 0.36666666666666664,
                "f1": 0.5365853658536585,
                "acc_count": 11,
                "rec_count": 30
            },
            "where(no OP)": {
                "acc": 1.0,
                "rec": 0.36666666666666664,
                "f1": 0.5365853658536585,
                "acc_count": 11,
                "rec_count": 30
            },
            "group(no Having)": {
                "acc": 1.0,
                "rec": 0.8571428571428571,
                "f1": 0.923076923076923,
                "acc_count": 12,
                "rec_count": 14
            },
            "group": {
                "acc": 1.0,
                "rec": 0.8571428571428571,
                "f1": 0.923076923076923,
                "acc_count": 12,
                "rec_count": 14
            },
            "order": {
                "acc": 0.7647058823529411,
                "rec": 0.7222222222222222,
                "f1": 0.7428571428571428,
                "acc_count": 17,
                "rec_count": 18
            },
            "and/or": {
                "acc": 1.0,
                "rec": 1.0,
                "f1": 1.0,
                "acc_count": 117,
                "rec_count": 117
            },
            "IUEN": {
                "acc": 0,
                "rec": 0,
                "f1": 1,
                "acc_count": 0,
                "rec_count": 0
            },
            "keywords": {
                "acc": 0.9,
                "rec": 0.5806451612903226,
                "f1": 0.7058823529411764,
                "acc_count": 40,
                "rec_count": 62
            }
        },
        "exact": 0.6666666666666666,
        "exec": 0.6752136752136753
    },
    "medium": {
        "count": 168,
        "partial": {
            "select": {
                "acc": 0.9444444444444444,
                "rec": 0.7083333333333334,
                "f1": 0.8095238095238096,
                "acc_count": 126,
                "rec_count": 168
            },
            "select(no AGG)": {
                "acc": 0.9523809523809523,
                "rec": 0.7142857142857143,
                "f1": 0.8163265306122449,
                "acc_count": 126,
                "rec_count": 168
            },
            "where": {
                "acc": 0.926829268292683,
                "rec": 0.6229508196721312,
                "f1": 0.7450980392156863,
                "acc_count": 41,
                "rec_count": 61
            },
            "where(no OP)": {
                "acc": 0.926829268292683,
                "rec": 0.6229508196721312,
                "f1": 0.7450980392156863,
                "acc_count": 41,
                "rec_count": 61
            },
            "group(no Having)": {
                "acc": 0.8648648648648649,
                "rec": 0.6956521739130435,
                "f1": 0.7710843373493975,
                "acc_count": 37,
                "rec_count": 46
            },
            "group": {
                "acc": 0.8378378378378378,
                "rec": 0.6739130434782609,
                "f1": 0.746987951807229,
                "acc_count": 37,
                "rec_count": 46
            },
            "order": {
                "acc": 0.84,
                "rec": 0.7241379310344828,
                "f1": 0.7777777777777777,
                "acc_count": 25,
                "rec_count": 29
            },
            "and/or": {
                "acc": 0.9702380952380952,
                "rec": 1.0,
                "f1": 0.984894259818731,
                "acc_count": 168,
                "rec_count": 163
            },
            "IUEN": {
                "acc": 0,
                "rec": 0,
                "f1": 1,
                "acc_count": 0,
                "rec_count": 0
            },
            "keywords": {
                "acc": 0.9603960396039604,
                "rec": 0.7348484848484849,
                "f1": 0.8326180257510729,
                "acc_count": 101,
                "rec_count": 132
            }
        },
        "exact": 0.6369047619047619,
        "exec": 0.6547619047619048
    },
    "hard": {
        "count": 38,
        "partial": {
            "select": {
                "acc": 1.0,
                "rec": 0.5263157894736842,
                "f1": 0.6896551724137931,
                "acc_count": 20,
                "rec_count": 38
            },
            "select(no AGG)": {
                "acc": 1.0,
                "rec": 0.5263157894736842,
                "f1": 0.6896551724137931,
                "acc_count": 20,
                "rec_count": 38
            },
            "where": {
                "acc": 0.9,
                "rec": 0.5294117647058824,
                "f1": 0.6666666666666667,
                "acc_count": 10,
                "rec_count": 17
            },
            "where(no OP)": {
                "acc": 0.9,
                "rec": 0.5294117647058824,
                "f1": 0.6666666666666667,
                "acc_count": 10,
                "rec_count": 17
            },
            "group(no Having)": {
                "acc": 1.0,
                "rec": 0.6666666666666666,
                "f1": 0.8,
                "acc_count": 8,
                "rec_count": 12
            },
            "group": {
                "acc": 1.0,
                "rec": 0.6666666666666666,
                "f1": 0.8,
                "acc_count": 8,
                "rec_count": 12
            },
            "order": {
                "acc": 1.0,
                "rec": 0.5714285714285714,
                "f1": 0.7272727272727273,
                "acc_count": 8,
                "rec_count": 14
            },
            "and/or": {
                "acc": 0.9210526315789473,
                "rec": 1.0,
                "f1": 0.958904109589041,
                "acc_count": 38,
                "rec_count": 35
            },
            "IUEN": {
                "acc": 0.75,
                "rec": 0.3333333333333333,
                "f1": 0.46153846153846156,
                "acc_count": 4,
                "rec_count": 9
            },
            "keywords": {
                "acc": 1.0,
                "rec": 0.5263157894736842,
                "f1": 0.6896551724137931,
                "acc_count": 20,
                "rec_count": 38
            }
        },
        "exact": 0.47368421052631576,
        "exec": 0.47368421052631576
    },
    "extra": {
        "count": 26,
        "partial": {
            "select": {
                "acc": 1.0,
                "rec": 0.6153846153846154,
                "f1": 0.761904761904762,
                "acc_count": 16,
                "rec_count": 26
            },
            "select(no AGG)": {
                "acc": 1.0,
                "rec": 0.6153846153846154,
                "f1": 0.761904761904762,
                "acc_count": 16,
                "rec_count": 26
            },