{
    "turn 1": {
        "count": 1,
        "exact": 1.0,
        "exec": 1.0
    },
    "turn 2": {
        "count": 1,
        "exact": 1.0,
        "exec": 1.0
    },
    "turn 3": {
        "count": 1,
        "exact": 1.0,
        "exec": 1.0
    },
    "turn 4": {
        "count": 1,
        "exact": 1.0,
        "exec": 1.0
    },
    "turn > 4": {
        "count": 1030,
        "exact": 0.37475728155339805,
        "exec": 0.3970873786407767
    },
    "easy": {
        "count": 248,
        "partial": {
            "select": {
                "acc": 0.9411764705882353,
                "rec": 0.5806451612903226,
                "f1": 0.7182044887780549,
                "acc_count": 153,
                "rec_count": 248
            },
            "select(no AGG)": {
                "acc": 0.9607843137254902,
                "rec": 0.592741935483871,
                "f1": 0.7331670822942643,
                "acc_count": 153,
                "rec_count": 248
            },
            "where": {
                "acc": 0.875,
                "rec": 0.32407407407407407,
                "f1": 0.472972972972973,
                "acc_count": 40,
                "rec_count": 108
            },
            "where(no OP)": {
                "acc": 0.95,
                "rec": 0.35185185185185186,
                "f1": 0.5135135135135135,
                "acc_count": 40,
                "rec_count": 108
            },
            "group(no Having)": {
                "acc": 0.9411764705882353,
                "rec": 0.8,
                "f1": 0.8648648648648648,
                "acc_count": 17,
                "rec_count": 20
            },
            "group": {
                "acc": 0.9411764705882353,
                "rec": 0.8,
                "f1": 0.8648648648648648,
                "acc_count": 17,
                "rec_count": 20
            },
            "order": {
                "acc": 0.6086956521739131,
                "rec": 0.6363636363636364,
                "f1": 0.6222222222222223,
                "acc_count": 23,
                "rec_count": 22
            },
            "and/or": {
                "acc": 1.0,
                "rec": 1.0,
                "f1": 1.0,
                "acc_count": 248,
                "rec_count": 248
            },
            "IUEN": {
                "acc": 0,
                "rec": 0,
                "f1": 1,
                "acc_count": 0,
                "rec_count": 0
            },
            "keywords": {
                "acc": 0.8375,
                "rec": 0.44666666666666666,
                "f1": 0.5826086956521739,
                "acc_count": 80,
                "rec_count": 150
            }
        },
        "exact": 0.5282258064516129,
        "exec": 0.5403225806451613
    },
    "medium": {
        "count": 446,
        "partial": {
            "select": {
                "acc": 0.8978723404255319,
                "rec": 0.4730941704035874,
                "f1": 0.619676945668135,
                "acc_count": 235,
                "rec_count": 446
            },
            "select(no AGG)": {
                "acc": 0.9191489361702128,
                "rec": 0.484304932735426,
                "f1": 0.6343612334801763,
                "acc_count": 235,
                "rec_count": 446
            },
            "where": {
                "acc": 0.8192771084337349,
                "rec": 0.37362637362637363,
                "f1": 0.5132075471698113,
                "acc_count": 83,
                "rec_count": 182
            },
            "where(no OP)": {
                "acc": 0.8313253012048193,
                "rec": 0.3791208791208791,
                "f1": 0.5207547169811321,
                "acc_count": 83,
                "rec_count": 182
            },
            "group(no Having)": {
                "acc": 0.8428571428571429,
                "rec": 0.44360902255639095,
                "f1": 0.5812807881773399,
                "acc_count": 70,
                "rec_count": 133
            },
            "group": {
                "acc": 0.7857142857142857,
                "rec": 0.41353383458646614,
                "f1": 0.541871921182266,
                "acc_count": 70,
                "rec_count": 133
            },
            "order": {
                "acc": 0.8076923076923077,
                "rec": 0.56,
                "f1": 0.6614173228346457,
                "acc_count": 52,
                "rec_count": 75
            },
            "and/or": {
                "acc": 0.952914798206278,
                "rec": 1.0,
                "f1": 0.9758897818599311,
                "acc_count": 446,
                "rec_count": 425
            },
            "IUEN": {
                "acc": 0.0,
                "rec": 0,
                "f1": 1,
                "acc_count": 2,
                "rec_count": 0
            },
            "keywords": {
                "acc": 0.9222797927461139,
                "rec": 0.4708994708994709,
                "f1": 0.6234676007005253,
                "acc_count": 193,
                "rec_count": 378
            }
        },
        "exact": 0.3923766816143498,
        "exec": 0.42152466367713004
    },
    "hard": {
        "count": 174,
        "partial": {
            "select": {
                "acc": 0.9864864864864865,
                "rec": 0.41954022988505746,
                "f1": 0.5887096774193548,
                "acc_count": 74,
                "rec_count": 174
            },
            "select(no AGG)": {
                "acc": 0.9864864864864865,
                "rec": 0.41954022988505746,
                "f1": 0.5887096774193548,
                "acc_count": 74,
                "rec_count": 174
            },
            "where": {
                "acc": 0.6341463414634146,
                "rec": 0.2765957446808511,
                "f1": 0.3851851851851852,
                "acc_count": 41,
                "rec_count": 94
            },
            "where(no OP)": {
                "acc": 0.7073170731707317,
                "rec": 0.30851063829787234,
                "f1": 0.4296296296296296,
                "acc_count": 41,
                "rec_count": 94
            },
            "group(no Having)": {
                "acc": 0.9545454545454546,
                "rec": 0.5384615384615384,
                "f1": 0.6885245901639344,
                "acc_count": 22,
                "rec_count": 39
            },
            "group": {
                "acc": 0.9545454545454546,
                "rec": 0.5384615384615384,
                "f1": 0.6885245901639344,
                "acc_count": 22,
                "rec_count": 39
            },
            "order": {
                "acc": 0.8695652173913043,
                "rec": 0.36363636363636365,
                "f1": 0.5128205128205129,
                "acc_count": 23,
                "rec_count": 55
            },
            "and/or": {
                "acc": 0.9132947976878613,
                "rec": 0.9937106918238994,
                "f1": 0.9518072289156626,
                "acc_count": 173,
                "rec_count": 159
            },
            "IUEN": {
                "acc": 0.8125,
                "rec": 0.30952380952380953,
                "f1": 0.4482758620689655,
                "acc_count": 16,
                "rec_count": 42
            },
            "keywords": {
                "acc": 0.9027777777777778,
                "rec": 0.3735632183908046,
                "f1": 0.5284552845528455,
                "acc_count": 72,
                "rec_count": 174
            }
        },
        "exact": 0.2988505747126437,
        "exec": 0.3218390804597701
    },
    "extra": {
        "count": 166,
        "partial": {
            "select": {
                "acc": 0.9516129032258065,
                "rec": 0.35542168674698793,
                "f1": 0.5175438596491228,
                "acc_count": 62,
                "rec_count": 166
            },