{
    "turn 1": {
        "count": 1,
        "exact": 1.0,
        "exec": 1.0
    },
    "turn 2": {
        "count": 1,
        "exact": 1.0,
        "exec": 1.0
    },
    "turn 3": {
        "count": 1,
        "exact": 1.0,
        "exec": 1.0
    },
    "turn 4": {
        "count": 1,
        "exact": 1.0,
        "exec": 1.0
    },
    "turn > 4": {
        "count": 433,
        "exact": 0.5796766743648961,
        "exec": 0.6027713625866051
    },
    "easy": {
        "count": 139,
        "partial": {
            "select": {
                "acc": 0.9607843137254902,
                "rec": 0.7050359712230215,
                "f1": 0.8132780082987552,
                "acc_count": 102,
                "rec_count": 139
            },
            "select(no AGG)": {
                "acc": 0.9705882352941176,
                "rec": 0.7122302158273381,
                "f1": 0.8215767634854771,
                "acc_count": 102,
                "rec_count": 139
            },
            "where": {
                "acc": 0.8823529411764706,
                "rec": 0.375,
                "f1": 0.5263157894736842,
                "acc_count": 17,
                "rec_count": 40
            },
            "where(no OP)": {
                "acc": 0.9411764705882353,
                "rec": 0.4,
                "f1": 0.5614035087719298,
                "acc_count": 17,
                "rec_count": 40
            },
            "group(no Having)": {
                "acc": 0.9333333333333333,
                "rec": 0.875,
                "f1": 0.9032258064516129,
                "acc_count": 15,
                "rec_count": 16
            },
            "group": {
                "acc": 0.9333333333333333,
                "rec": 0.875,
                "f1": 0.9032258064516129,
                "acc_count": 15,
                "rec_count": 16
            },
            "order": {
                "acc": 0.6842105263157895,
                "rec": 0.6842105263157895,
                "f1": 0.6842105263157895,
                "acc_count": 19,
                "rec_count": 19
            },
            "and/or": {
                "acc": 1.0,
                "rec": 1.0,
                "f1": 1.0,
                "acc_count": 139,
                "rec_count": 139
            },
            "IUEN": {
                "acc": 0,
                "rec": 0,
                "f1": 1,
                "acc_count": 0,
                "rec_count": 0
            },
            "keywords": {
                "acc": 0.8431372549019608,
                "rec": 0.5733333333333334,
                "f1": 0.6825396825396826,
                "acc_count": 51,
                "rec_count": 75
            }
        },
        "exact": 0.6474820143884892,
        "exec": 0.6690647482014388
    },
    "medium": {
        "count": 203,
        "partial": {
            "select": {
                "acc": 0.9452054794520548,
                "rec": 0.6798029556650246,
                "f1": 0.7908309455587392,
                "acc_count": 146,
                "rec_count": 203
            },
            "select(no AGG)": {
                "acc": 0.952054794520548,
                "rec": 0.6847290640394089,
                "f1": 0.7965616045845273,
                "acc_count": 146,
                "rec_count": 203
            },
            "where": {
                "acc": 0.9347826086956522,
                "rec": 0.589041095890411,
                "f1": 0.7226890756302522,
                "acc_count": 46,
                "rec_count": 73
            },
            "where(no OP)": {
                "acc": 0.9347826086956522,
                "rec": 0.589041095890411,
                "f1": 0.7226890756302522,
                "acc_count": 46,
                "rec_count": 73
            },
            "group(no Having)": {
                "acc": 0.8478260869565217,
                "rec": 0.6724137931034483,
                "f1": 0.75,
                "acc_count": 46,
                "rec_count": 58
            },
            "group": {
                "acc": 0.8260869565217391,
                "rec": 0.6551724137931034,
                "f1": 0.7307692307692308,
                "acc_count": 46,
                "rec_count": 58
            },
            "order": {
                "acc": 0.8275862068965517,
                "rec": 0.7058823529411765,
                "f1": 0.7619047619047619,
                "acc_count": 29,
                "rec_count": 34
            },
            "and/or": {
                "acc": 0.9605911330049262,
                "rec": 1.0,
                "f1": 0.9798994974874372,
                "acc_count": 203,
                "rec_count": 195
            },
            "IUEN": {
                "acc": 0,
                "rec": 0,
                "f1": 1,
                "acc_count": 0,
                "rec_count": 0
            },
            "keywords": {
                "acc": 0.9495798319327731,
                "rec": 0.7018633540372671,
                "f1": 0.8071428571428572,
                "acc_count": 119,
                "rec_count": 161
            }
        },
        "exact": 0.6108374384236454,
        "exec": 0.6305418719211823
    },
    "hard": {
        "count": 57,
        "partial": {
            "select": {
                "acc": 1.0,
                "rec": 0.5789473684210527,
                "f1": 0.7333333333333334,
                "acc_count": 33,
                "rec_count": 57
            },
            "select(no AGG)": {
                "acc": 1.0,
                "rec": 0.5789473684210527,
                "f1": 0.7333333333333334,
                "acc_count": 33,
                "rec_count": 57
            },
            "where": {
                "acc": 0.8,
                "rec": 0.5333333333333333,
                "f1": 0.64,
                "acc_count": 20,
                "rec_count": 30
            },
            "where(no OP)": {
                "acc": 0.8,
                "rec": 0.5333333333333333,
                "f1": 0.64,
                "acc_count": 20,
                "rec_count": 30
            },
            "group(no Having)": {
                "acc": 0.9,
                "rec": 0.6,
                "f1": 0.7200000000000001,
                "acc_count": 10,
                "rec_count": 15
            },
            "group": {
                "acc": 0.9,
                "rec": 0.6,
                "f1": 0.7200000000000001,
                "acc_count": 10,
                "rec_count": 15
            },
            "order": {
                "acc": 0.9,
                "rec": 0.5,
                "f1": 0.6428571428571429,
                "acc_count": 10,
                "rec_count": 18
            },
            "and/or": {
                "acc": 0.9285714285714286,
                "rec": 0.9811320754716981,
                "f1": 0.9541284403669724,
                "acc_count": 56,
                "rec_count": 53
            },
            "IUEN": {
                "acc": 0.8571428571428571,
                "rec": 0.42857142857142855,
                "f1": 0.5714285714285714,
                "acc_count": 7,
                "rec_count": 14
            },
            "keywords": {
                "acc": 0.9393939393939394,
                "rec": 0.543859649122807,
                "f1": 0.688888888888889,
                "acc_count": 33,
                "rec_count": 57
            }
        },
        "exact": 0.47368421052631576,
        "exec": 0.5087719298245614
    },
    "extra": {
        "count": 38,
        "partial": {
            "select": {
                "acc": 1.0,
                "rec": 0.5789473684210527,
                "f1": 0.7333333333333334,
                "acc_count": 22,
                "rec_count": 38
            },
            "select(no AGG)": {
                "acc": 1.0,
                "rec": 0.5789473684210527,
                "f1": 0.7333333333333334,
                "acc_count": 22,