{
    "turn 1": {
        "count": 1,
        "exact": 1.0,
        "exec": 1.0
    },
    "turn 2": {
        "count": 1,
        "exact": 1.0,
        "exec": 1.0
    },
    "turn 3": {
        "count": 1,
        "exact": 1.0,
        "exec": 1.0
    },
    "turn 4": {
        "count": 1,
        "exact": 1.0,
        "exec": 1.0
    },
    "turn > 4": {
        "count": 1996,
        "exact": 0.6738476953907816,
        "exec": 0.6718436873747495
    },
    "easy": {
        "count": 491,
        "partial": {
            "select": {
                "acc": 1.0,
                "rec": 0.7861507128309573,
                "f1": 0.8802736602052452,
                "acc_count": 386,
                "rec_count": 491
            },
            "select(no AGG)": {
                "acc": 1.0,
                "rec": 0.7861507128309573,
                "f1": 0.8802736602052452,
                "acc_count": 386,
                "rec_count": 491
            },
            "where": {
                "acc": 0.9863013698630136,
                "rec": 0.8,
                "f1": 0.8834355828220859,
                "acc_count": 146,
                "rec_count": 180
            },
            "where(no OP)": {
                "acc": 0.9863013698630136,
                "rec": 0.8,
                "f1": 0.8834355828220859,
                "acc_count": 146,
                "rec_count": 180
            },
            "group(no Having)": {
                "acc": 1.0,
                "rec": 0.8780487804878049,
                "f1": 0.9350649350649352,
                "acc_count": 36,
                "rec_count": 41
            },
            "group": {
                "acc": 1.0,
                "rec": 0.8780487804878049,
                "f1": 0.9350649350649352,
                "acc_count": 36,
                "rec_count": 41
            },
            "order": {
                "acc": 1.0,
                "rec": 0.926829268292683,
                "f1": 0.9620253164556963,
                "acc_count": 38,
                "rec_count": 41
            },
            "and/or": {
                "acc": 1.0,
                "rec": 1.0,
                "f1": 1.0,
                "acc_count": 491,
                "rec_count": 491
            },
            "IUEN": {
                "acc": 0,
                "rec": 0,
                "f1": 1,
                "acc_count": 0,
                "rec_count": 0
            },
            "keywords": {
                "acc": 0.9954545454545455,
                "rec": 0.8358778625954199,
                "f1": 0.9087136929460581,
                "acc_count": 220,
                "rec_count": 262
            }
        },
        "exact": 0.7820773930753564,
        "exec": 0.7820773930753564
    },
    "medium": {
        "count": 782,
        "partial": {
            "select": {
                "acc": 1.0,
                "rec": 0.7557544757033248,
                "f1": 0.8608885651857247,
                "acc_count": 591,
                "rec_count": 782
            },
            "select(no AGG)": {
                "acc": 1.0,
                "rec": 0.7557544757033248,
                "f1": 0.8608885651857247,
                "acc_count": 591,
                "rec_count": 782
            },
            "where": {
                "acc": 0.9615384615384616,
                "rec": 0.6892230576441103,
                "f1": 0.8029197080291972,
                "acc_count": 286,
                "rec_count": 399
            },
            "where(no OP)": {
                "acc": 0.9615384615384616,
                "rec": 0.6892230576441103,
                "f1": 0.8029197080291972,
                "acc_count": 286,
                "rec_count": 399
            },
            "group(no Having)": {
                "acc": 1.0,
                "rec": 0.7616822429906542,
                "f1": 0.8647214854111406,
                "acc_count": 163,
                "rec_count": 214
            },
            "group": {
                "acc": 1.0,
                "rec": 0.7616822429906542,
                "f1": 0.8647214854111406,
                "acc_count": 163,
                "rec_count": 214
            },
            "order": {
                "acc": 1.0,
                "rec": 0.9017857142857143,
                "f1": 0.948356807511737,
                "acc_count": 101,
                "rec_count": 112
            },
            "and/or": {
                "acc": 0.9731457800511509,
                "rec": 1.0,
                "f1": 0.9863901490602722,
                "acc_count": 782,
                "rec_count": 761
            },
            "IUEN": {
                "acc": 0,
                "rec": 0,
                "f1": 1,
                "acc_count": 0,
                "rec_count": 0
            },
            "keywords": {
                "acc": 0.9923809523809524,
                "rec": 0.7507204610951008,
                "f1": 0.8547990155865464,
                "acc_count": 525,
                "rec_count": 694
            }
        },
        "exact": 0.7276214833759591,
        "exec": 0.7212276214833759
    },
    "hard": {
        "count": 386,
        "partial": {
            "select": {
                "acc": 1.0,
                "rec": 0.582901554404145,
                "f1": 0.7364975450081833,
                "acc_count": 225,
                "rec_count": 386
            },
            "select(no AGG)": {
                "acc": 1.0,
                "rec": 0.582901554404145,
                "f1": 0.7364975450081833,
                "acc_count": 225,
                "rec_count": 386
            },
            "where": {
                "acc": 0.9914529914529915,
                "rec": 0.5395348837209303,
                "f1": 0.6987951807228915,
                "acc_count": 117,
                "rec_count": 215
            },
            "where(no OP)": {
                "acc": 1.0,
                "rec": 0.5441860465116279,
                "f1": 0.7048192771084337,
                "acc_count": 117,
                "rec_count": 215
            },
            "group(no Having)": {
                "acc": 1.0,
                "rec": 0.7227722772277227,
                "f1": 0.8390804597701149,
                "acc_count": 73,
                "rec_count": 101
            },
            "group": {
                "acc": 1.0,
                "rec": 0.7227722772277227,
                "f1": 0.8390804597701149,
                "acc_count": 73,
                "rec_count": 101
            },
            "order": {
                "acc": 1.0,
                "rec": 0.7755102040816326,
                "f1": 0.8735632183908045,
                "acc_count": 76,
                "rec_count": 98
            },
            "and/or": {
                "acc": 0.9430051813471503,
                "rec": 1.0,
                "f1": 0.9706666666666667,
                "acc_count": 386,
                "rec_count": 364
            },
            "IUEN": {
                "acc": 0.98,
                "rec": 0.494949494949495,
                "f1": 0.6577181208053691,
                "acc_count": 50,
                "rec_count": 99
            },
            "keywords": {
                "acc": 1.0,
                "rec": 0.582901554404145,
                "f1": 0.7364975450081833,
                "acc_count": 225,
                "rec_count": 386
            }
        },
        "exact": 0.5673575129533679,
        "exec": 0.5673575129533679
    },
    "extra": {
        "count": 341,
        "partial": {
            "select": {
                "acc": 1.0,
                "rec": 0.5513196480938416,
                "f1": 0.7107750472589792,
                "acc_count": 188,
                "rec_count": 341
            },
            "select(no AGG)": {
                "acc": 1.0,
                "rec": 0.5513196480938416,
                "f1": 0.7107750472589792,
                "acc_count": 188,
                "rec_count": 341
            },