{
    "turn 1": {
        "count": 1,
        "exact": 1.0,
        "exec": 1.0
    },
    "turn 2": {
        "count": 1,
        "exact": 1.0,
        "exec": 1.0
    },
    "turn 3": {
        "count": 1,
        "exact": 1.0,
        "exec": 1.0
    },
    "turn 4": {
        "count": 1,
        "exact": 1.0,
        "exec": 1.0
    },
    "turn > 4": {
        "count": 613,
        "exact": 0.499184339314845,
        "exec": 0.5236541598694943
    },
    "easy": {
        "count": 181,
        "partial": {
            "select": {
                "acc": 0.968,
                "rec": 0.6685082872928176,
                "f1": 0.7908496732026142,
                "acc_count": 125,
                "rec_count": 181
            },
            "select(no AGG)": {
                "acc": 0.976,
                "rec": 0.6740331491712708,
                "f1": 0.7973856209150327,
                "acc_count": 125,
                "rec_count": 181
            },
            "where": {
                "acc": 0.9310344827586207,
                "rec": 0.43548387096774194,
                "f1": 0.5934065934065935,
                "acc_count": 29,
                "rec_count": 62
            },
            "where(no OP)": {
                "acc": 0.9655172413793104,
                "rec": 0.45161290322580644,
                "f1": 0.6153846153846154,
                "acc_count": 29,
                "rec_count": 62
            },
            "group(no Having)": {
                "acc": 0.9411764705882353,
                "rec": 0.8888888888888888,
                "f1": 0.9142857142857143,
                "acc_count": 17,
                "rec_count": 18
            },
            "group": {
                "acc": 0.9411764705882353,
                "rec": 0.8888888888888888,
                "f1": 0.9142857142857143,
                "acc_count": 17,
                "rec_count": 18
            },
            "order": {
                "acc": 0.6842105263157895,
                "rec": 0.6190476190476191,
                "f1": 0.6500000000000001,
                "acc_count": 19,
                "rec_count": 21
            },
            "and/or": {
                "acc": 1.0,
                "rec": 1.0,
                "f1": 1.0,
                "acc_count": 181,
                "rec_count": 181
            },
            "IUEN": {
                "acc": 0,
                "rec": 0,
                "f1": 1,
                "acc_count": 0,
                "rec_count": 0
            },
            "keywords": {
                "acc": 0.8769230769230769,
                "rec": 0.5643564356435643,
                "f1": 0.6867469879518071,
                "acc_count": 65,
                "rec_count": 101
            }
        },
        "exact": 0.6187845303867403,
        "exec": 0.6132596685082873
    },
    "medium": {
        "count": 274,
        "partial": {
            "select": {
                "acc": 0.9050279329608939,
                "rec": 0.5912408759124088,
                "f1": 0.7152317880794702,
                "acc_count": 179,
                "rec_count": 274
            },
            "select(no AGG)": {
                "acc": 0.9217877094972067,
                "rec": 0.6021897810218978,
                "f1": 0.728476821192053,
                "acc_count": 179,
                "rec_count": 274
            },
            "where": {
                "acc": 0.9322033898305084,
                "rec": 0.5670103092783505,
                "f1": 0.7051282051282051,
                "acc_count": 59,
                "rec_count": 97
            },
            "where(no OP)": {
                "acc": 0.9322033898305084,
                "rec": 0.5670103092783505,
                "f1": 0.7051282051282051,
                "acc_count": 59,
                "rec_count": 97
            },
            "group(no Having)": {
                "acc": 0.8363636363636363,
                "rec": 0.5348837209302325,
                "f1": 0.652482269503546,
                "acc_count": 55,
                "rec_count": 86
            },
            "group": {
                "acc": 0.8,
                "rec": 0.5116279069767442,
                "f1": 0.624113475177305,
                "acc_count": 55,
                "rec_count": 86
            },
            "order": {
                "acc": 0.8333333333333334,
                "rec": 0.6521739130434783,
                "f1": 0.7317073170731708,
                "acc_count": 36,
                "rec_count": 46
            },
            "and/or": {
                "acc": 0.9598540145985401,
                "rec": 1.0,
                "f1": 0.9795158286778398,
                "acc_count": 274,
                "rec_count": 263
            },
            "IUEN": {
                "acc": 0,
                "rec": 0,
                "f1": 1,
                "acc_count": 0,
                "rec_count": 0
            },
            "keywords": {
                "acc": 0.9455782312925171,
                "rec": 0.6205357142857143,
                "f1": 0.7493261455525607,
                "acc_count": 147,
                "rec_count": 224
            }
        },
        "exact": 0.5218978102189781,
        "exec": 0.5547445255474452
    },
    "hard": {
        "count": 93,
        "partial": {
            "select": {
                "acc": 1.0,
                "rec": 0.4946236559139785,
                "f1": 0.6618705035971223,
                "acc_count": 46,
                "rec_count": 93
            },
            "select(no AGG)": {
                "acc": 1.0,
                "rec": 0.4946236559139785,
                "f1": 0.6618705035971223,
                "acc_count": 46,
                "rec_count": 93
            },
            "where": {
                "acc": 0.7142857142857143,
                "rec": 0.40816326530612246,
                "f1": 0.5194805194805194,
                "acc_count": 28,
                "rec_count": 49
            },
            "where(no OP)": {
                "acc": 0.7857142857142857,
                "rec": 0.4489795918367347,
                "f1": 0.5714285714285714,
                "acc_count": 28,
                "rec_count": 49
            },
            "group(no Having)": {
                "acc": 0.9090909090909091,
                "rec": 0.5263157894736842,
                "f1": 0.6666666666666666,
                "acc_count": 11,
                "rec_count": 19
            },
            "group": {
                "acc": 0.9090909090909091,
                "rec": 0.5263157894736842,
                "f1": 0.6666666666666666,
                "acc_count": 11,
                "rec_count": 19
            },
            "order": {
                "acc": 0.9090909090909091,
                "rec": 0.3333333333333333,
                "f1": 0.4878048780487804,
                "acc_count": 11,
                "rec_count": 30
            },
            "and/or": {
                "acc": 0.9456521739130435,
                "rec": 0.9886363636363636,
                "f1": 0.9666666666666666,
                "acc_count": 92,
                "rec_count": 88
            },
            "IUEN": {
                "acc": 0.7857142857142857,
                "rec": 0.44,
                "f1": 0.5641025641025641,
                "acc_count": 14,
                "rec_count": 25
            },
            "keywords": {
                "acc": 0.8695652173913043,
                "rec": 0.43010752688172044,
                "f1": 0.5755395683453238,
                "acc_count": 46,
                "rec_count": 93
            }
        },
        "exact": 0.3870967741935484,
        "exec": 0.43010752688172044
    },
    "extra": {
        "count": 69,
        "partial": {
            "select": {
                "acc": 0.9714285714285714,
                "rec": 0.4927536231884058,
                "f1": 0.6538461538461539,
                "acc_count": 35,
                "rec_count": 69
            },