{
    "turn 1": {
        "count": 1,
        "exact": 1.0,
        "exec": 1.0
    },
    "turn 2": {
        "count": 1,
        "exact": 1.0,
        "exec": 1.0
    },
    "turn 3": {
        "count": 1,
        "exact": 1.0,
        "exec": 1.0
    },
    "turn 4": {
        "count": 1,
        "exact": 1.0,
        "exec": 1.0
    },
    "turn > 4": {
        "count": 671,
        "exact": 0.46199701937406856,
        "exec": 0.4783904619970194
    },
    "easy": {
        "count": 185,
        "partial": {
            "select": {
                "acc": 0.9596774193548387,
                "rec": 0.6432432432432432,
                "f1": 0.7702265372168285,
                "acc_count": 124,
                "rec_count": 185
            },
            "select(no AGG)": {
                "acc": 0.967741935483871,
                "rec": 0.6486486486486487,
                "f1": 0.7766990291262136,
                "acc_count": 124,
                "rec_count": 185
            },
            "where": {
                "acc": 0.9310344827586207,
                "rec": 0.40298507462686567,
                "f1": 0.5625,
                "acc_count": 29,
                "rec_count": 67
            },
            "where(no OP)": {
                "acc": 0.9655172413793104,
                "rec": 0.417910447761194,
                "f1": 0.5833333333333333,
                "acc_count": 29,
                "rec_count": 67
            },
            "group(no Having)": {
                "acc": 0.9411764705882353,
                "rec": 0.8421052631578947,
                "f1": 0.8888888888888888,
                "acc_count": 17,
                "rec_count": 19
            },
            "group": {
                "acc": 0.9411764705882353,
                "rec": 0.8421052631578947,
                "f1": 0.8888888888888888,
                "acc_count": 17,
                "rec_count": 19
            },
            "order": {
                "acc": 0.65,
                "rec": 0.6190476190476191,
                "f1": 0.6341463414634146,
                "acc_count": 20,
                "rec_count": 21
            },
            "and/or": {
                "acc": 1.0,
                "rec": 1.0,
                "f1": 1.0,
                "acc_count": 185,
                "rec_count": 185
            },
            "IUEN": {
                "acc": 0,
                "rec": 0,
                "f1": 1,
                "acc_count": 0,
                "rec_count": 0
            },
            "keywords": {
                "acc": 0.8636363636363636,
                "rec": 0.5327102803738317,
                "f1": 0.6589595375722543,
                "acc_count": 66,
                "rec_count": 107
            }
        },
        "exact": 0.5945945945945946,
        "exec": 0.5891891891891892
    },
    "medium": {
        "count": 305,
        "partial": {
            "select": {
                "acc": 0.9032258064516129,
                "rec": 0.5508196721311476,
                "f1": 0.684317718940937,
                "acc_count": 186,
                "rec_count": 305
            },
            "select(no AGG)": {
                "acc": 0.9193548387096774,
                "rec": 0.5606557377049181,
                "f1": 0.6965376782077394,
                "acc_count": 186,
                "rec_count": 305
            },
            "where": {
                "acc": 0.9230769230769231,
                "rec": 0.5263157894736842,
                "f1": 0.6703910614525139,
                "acc_count": 65,
                "rec_count": 114
            },
            "where(no OP)": {
                "acc": 0.9230769230769231,
                "rec": 0.5263157894736842,
                "f1": 0.6703910614525139,
                "acc_count": 65,
                "rec_count": 114
            },
            "group(no Having)": {
                "acc": 0.8421052631578947,
                "rec": 0.4897959183673469,
                "f1": 0.6193548387096773,
                "acc_count": 57,
                "rec_count": 98
            },
            "group": {
                "acc": 0.8070175438596491,
                "rec": 0.46938775510204084,
                "f1": 0.5935483870967743,
                "acc_count": 57,
                "rec_count": 98
            },
            "order": {
                "acc": 0.8421052631578947,
                "rec": 0.6530612244897959,
                "f1": 0.735632183908046,
                "acc_count": 38,
                "rec_count": 49
            },
            "and/or": {
                "acc": 0.9639344262295082,
                "rec": 1.0,
                "f1": 0.9816360601001669,
                "acc_count": 305,
                "rec_count": 294
            },
            "IUEN": {
                "acc": 0,
                "rec": 0,
                "f1": 1,
                "acc_count": 0,
                "rec_count": 0
            },
            "keywords": {
                "acc": 0.9415584415584416,
                "rec": 0.5708661417322834,
                "f1": 0.7107843137254902,
                "acc_count": 154,
                "rec_count": 254
            }
        },
        "exact": 0.4852459016393443,
        "exec": 0.5016393442622951
    },
    "hard": {
        "count": 106,
        "partial": {
            "select": {
                "acc": 1.0,
                "rec": 0.44339622641509435,
                "f1": 0.6143790849673203,
                "acc_count": 47,
                "rec_count": 106
            },
            "select(no AGG)": {
                "acc": 1.0,
                "rec": 0.44339622641509435,
                "f1": 0.6143790849673203,
                "acc_count": 47,
                "rec_count": 106
            },
            "where": {
                "acc": 0.7142857142857143,
                "rec": 0.3389830508474576,
                "f1": 0.4597701149425287,
                "acc_count": 28,
                "rec_count": 59
            },
            "where(no OP)": {
                "acc": 0.7857142857142857,
                "rec": 0.3728813559322034,
                "f1": 0.5057471264367817,
                "acc_count": 28,
                "rec_count": 59
            },
            "group(no Having)": {
                "acc": 0.9090909090909091,
                "rec": 0.5,
                "f1": 0.6451612903225806,
                "acc_count": 11,
                "rec_count": 20
            },
            "group": {
                "acc": 0.9090909090909091,
                "rec": 0.5,
                "f1": 0.6451612903225806,
                "acc_count": 11,
                "rec_count": 20
            },
            "order": {
                "acc": 0.9090909090909091,
                "rec": 0.3225806451612903,
                "f1": 0.4761904761904761,
                "acc_count": 11,
                "rec_count": 31
            },
            "and/or": {
                "acc": 0.9428571428571428,
                "rec": 0.99,
                "f1": 0.9658536585365853,
                "acc_count": 105,
                "rec_count": 100
            },
            "IUEN": {
                "acc": 0.8,
                "rec": 0.41379310344827586,
                "f1": 0.5454545454545454,
                "acc_count": 15,
                "rec_count": 29
            },
            "keywords": {
                "acc": 0.8695652173913043,
                "rec": 0.37735849056603776,
                "f1": 0.5263157894736843,
                "acc_count": 46,
                "rec_count": 106
            }
        },
        "exact": 0.33962264150943394,
        "exec": 0.37735849056603776
    },
    "extra": {
        "count": 79,
        "partial": {
            "select": {
                "acc": 0.9722222222222222,
                "rec": 0.4430379746835443,
                "f1": 0.608695652173913,
                "acc_count": 36,
                "rec_count": 79
            },