{
    "turn 1": {
        "count": 1,
        "exact": 1.0,
        "exec": 1.0
    },
    "turn 2": {
        "count": 1,
        "exact": 1.0,
        "exec": 1.0
    },
    "turn 3": {
        "count": 1,
        "exact": 1.0,
        "exec": 1.0
    },
    "turn 4": {
        "count": 1,
        "exact": 1.0,
        "exec": 1.0
    },
    "turn > 4": {
        "count": 420,
        "exact": 0.5952380952380952,
        "exec": 0.611904761904762
    },
    "easy": {
        "count": 135,
        "partial": {
            "select": {
                "acc": 0.9595959595959596,
                "rec": 0.7037037037037037,
                "f1": 0.811965811965812,
                "acc_count": 99,
                "rec_count": 135
            },
            "select(no AGG)": {
                "acc": 0.9696969696969697,
                "rec": 0.7111111111111111,
                "f1": 0.8205128205128205,
                "acc_count": 99,
                "rec_count": 135
            },
            "where": {
                "acc": 1.0,
                "rec": 0.40540540540540543,
                "f1": 0.5769230769230769,
                "acc_count": 15,
                "rec_count": 37
            },
            "where(no OP)": {
                "acc": 1.0,
                "rec": 0.40540540540540543,
                "f1": 0.5769230769230769,
                "acc_count": 15,
                "rec_count": 37
            },
            "group(no Having)": {
                "acc": 0.9285714285714286,
                "rec": 0.8666666666666667,
                "f1": 0.896551724137931,
                "acc_count": 14,
                "rec_count": 15
            },
            "group": {
                "acc": 0.9285714285714286,
                "rec": 0.8666666666666667,
                "f1": 0.896551724137931,
                "acc_count": 14,
                "rec_count": 15
            },
            "order": {
                "acc": 0.6842105263157895,
                "rec": 0.6842105263157895,
                "f1": 0.6842105263157895,
                "acc_count": 19,
                "rec_count": 19
            },
            "and/or": {
                "acc": 1.0,
                "rec": 1.0,
                "f1": 1.0,
                "acc_count": 135,
                "rec_count": 135
            },
            "IUEN": {
                "acc": 0,
                "rec": 0,
                "f1": 1,
                "acc_count": 0,
                "rec_count": 0
            },
            "keywords": {
                "acc": 0.8541666666666666,
                "rec": 0.5774647887323944,
                "f1": 0.6890756302521008,
                "acc_count": 48,
                "rec_count": 71
            }
        },
        "exact": 0.6592592592592592,
        "exec": 0.6666666666666666
    },
    "medium": {
        "count": 197,
        "partial": {
            "select": {
                "acc": 0.9517241379310345,
                "rec": 0.700507614213198,
                "f1": 0.8070175438596491,
                "acc_count": 145,
                "rec_count": 197
            },
            "select(no AGG)": {
                "acc": 0.9586206896551724,
                "rec": 0.7055837563451777,
                "f1": 0.8128654970760233,
                "acc_count": 145,
                "rec_count": 197
            },
            "where": {
                "acc": 0.9347826086956522,
                "rec": 0.6056338028169014,
                "f1": 0.7350427350427351,
                "acc_count": 46,
                "rec_count": 71
            },
            "where(no OP)": {
                "acc": 0.9347826086956522,
                "rec": 0.6056338028169014,
                "f1": 0.7350427350427351,
                "acc_count": 46,
                "rec_count": 71
            },
            "group(no Having)": {
                "acc": 0.8666666666666667,
                "rec": 0.6964285714285714,
                "f1": 0.7722772277227722,
                "acc_count": 45,
                "rec_count": 56
            },
            "group": {
                "acc": 0.8444444444444444,
                "rec": 0.6785714285714286,
                "f1": 0.7524752475247526,
                "acc_count": 45,
                "rec_count": 56
            },
            "order": {
                "acc": 0.8275862068965517,
                "rec": 0.7058823529411765,
                "f1": 0.7619047619047619,
                "acc_count": 29,
                "rec_count": 34
            },
            "and/or": {
                "acc": 0.9593908629441624,
                "rec": 1.0,
                "f1": 0.9792746113989638,
                "acc_count": 197,
                "rec_count": 189
            },
            "IUEN": {
                "acc": 0,
                "rec": 0,
                "f1": 1,
                "acc_count": 0,
                "rec_count": 0
            },
            "keywords": {
                "acc": 0.9491525423728814,
                "rec": 0.7133757961783439,
                "f1": 0.8145454545454546,
                "acc_count": 118,
                "rec_count": 157
            }
        },
        "exact": 0.6294416243654822,
        "exec": 0.649746192893401
    },
    "hard": {
        "count": 55,
        "partial": {
            "select": {
                "acc": 1.0,
                "rec": 0.5818181818181818,
                "f1": 0.735632183908046,
                "acc_count": 32,
                "rec_count": 55
            },
            "select(no AGG)": {
                "acc": 1.0,
                "rec": 0.5818181818181818,
                "f1": 0.735632183908046,
                "acc_count": 32,
                "rec_count": 55
            },
            "where": {
                "acc": 0.8421052631578947,
                "rec": 0.5714285714285714,
                "f1": 0.6808510638297872,
                "acc_count": 19,
                "rec_count": 28
            },
            "where(no OP)": {
                "acc": 0.8421052631578947,
                "rec": 0.5714285714285714,
                "f1": 0.6808510638297872,
                "acc_count": 19,
                "rec_count": 28
            },
            "group(no Having)": {
                "acc": 0.9,
                "rec": 0.6,
                "f1": 0.7200000000000001,
                "acc_count": 10,
                "rec_count": 15
            },
            "group": {
                "acc": 0.9,
                "rec": 0.6,
                "f1": 0.7200000000000001,
                "acc_count": 10,
                "rec_count": 15
            },
            "order": {
                "acc": 0.9,
                "rec": 0.5,
                "f1": 0.6428571428571429,
                "acc_count": 10,
                "rec_count": 18
            },
            "and/or": {
                "acc": 0.9259259259259259,
                "rec": 0.9803921568627451,
                "f1": 0.9523809523809523,
                "acc_count": 54,
                "rec_count": 51
            },
            "IUEN": {
                "acc": 0.8571428571428571,
                "rec": 0.42857142857142855,
                "f1": 0.5714285714285714,
                "acc_count": 7,
                "rec_count": 14
            },
            "keywords": {
                "acc": 0.9375,
                "rec": 0.5454545454545454,
                "f1": 0.6896551724137931,
                "acc_count": 32,
                "rec_count": 55
            }
        },
        "exact": 0.4909090909090909,
        "exec": 0.509090909090909
    },
    "extra": {
        "count": 37,
        "partial": {
            "select": {
                "acc": 1.0,
                "rec": 0.5675675675675675,
                "f1": 0.7241379310344828,
                "acc_count": 21,
                "rec_count": 37
            },
            "select(no AGG)": {
                "acc": 1.0,
                "rec": 0.5675675675675675,